Id	Name	sf_devops__Concluded__c	sf_devops__Rebase_Branch__c
a0LPq0000035WTlMAM	WI-000132		a02Pq00000XbBEPIA3
a0LPq0000036pm5MAA	WI-000143		a02Pq00000XqezLIAR
a0LPq0000037Jc5MAE	WI-000152		a02Pq00000Xxd3xIAB
a0LPq0000038JlJMAU	WI-000166		a02Pq00000Y9vBcIAJ
a0LPq0000038QgLMAU	WI-000168		a02Pq00000YCL9yIAH
a0LPq0000038RUhMAM	WI-000171		a02Pq00000YDA9GIAX
a0LPq0000039QhVMAU	WI-000175		a02Pq00000Yl7aLIAR
a0LPq0000039RQfMAM	WI-000176		a02Pq00000YkXMJIA3
a0LPq000003AnIfMAK	WI-000181		a02Pq00000Z72HmIAJ
a0LPq000003AwPBMA0	WI-000187		a02Pq00000ZxqT3IAJ
a0LPq000003B6gHMAS	WI-000189		a02Pq00000Z96EvIAJ
a0LPq000003HWL8MAO	WI-000202		a02Pq00000b4UtyIAE
